{
  "project_info": {
    "project_number": "783487054976",
    "firebase_url": "https://savor-app-reducing-food-1b86f.firebaseio.com",
    "project_id": "savor-app-reducing-food-1b86f",
    "storage_bucket": "savor-app-reducing-food-1b86f.appspot.com"
  },
  "client": [
    {
      "client_info": {
        "mobilesdk_app_id": "1:783487054976:android:a98458f79dcdcfb502e265",
        "android_client_info": {
          "package_name": "ug.global.savor"
        }
      },
      "oauth_client": [
        {
          "client_id": "783487054976-d6pr4shdbrdt0hbifuloi9jrvv0qvave.apps.googleusercontent.com",
          "client_type": 1,
          "android_info": {
            "package_name": "ug.global.savor",
            "certificate_hash": "38dbea2ff52b6e2bdfe7bd6efb55a7d5f53501b9"
          }
        },
        {
          "client_id": "783487054976-6vgdl42srul9kqgqkca9skrs8mjarls2.apps.googleusercontent.com",
          "client_type": 3
        }
      ],
      "api_key": [
        {
          "current_key": "AIzaSyDE2_50uuoKvLM_neaOGYeWOkZLfQ69Io4"
        }
      ],
      "services": {
        "appinvite_service": {
          "other_platform_oauth_client": [
            {
              "client_id": "783487054976-6vgdl42srul9kqgqkca9skrs8mjarls2.apps.googleusercontent.com",
              "client_type": 3
            }
          ]
        }
      }
    }
  ],
  "configuration_version": "1"
}